{
  "voitures": [
    {
      "id": 1,
      "titre": "KIA",
      "description": "jhsebfs",
      "dateC": "2001-02-12"
    },
    {
      "id": 2,
      "titre": "Toyota",
      "description": "xyz",
      "dateC": "2002-05-25"
    },
    {
      "id": 3,
      "titre": "Toyota",
      "description": "xyz",
      "dateC": "2002-05-25"
    },
    {
      "id": 4,
      "titre": "Toyota",
      "description": "xyz",
      "dateC": "2002-05-25"
    },
    {
      "titre": "Symbole",
      "description": "172 tunis 1569",
      "dateC": "2019-01-11",
      "id": 6
    }
  ]
}